<!--
    Input:
        odm_manifest_dsds.xml
-->
<manifest version="4.0" type="device">
    <hal format="hidl" override="true">
        <name>android.hardware.radio</name>
        <transport>hwbinder</transport>
        <version>1.2</version>
        <interface>
            <name>IRadio</name>
            <instance>em1</instance>
            <instance>em2</instance>
            <instance>imsAospSlot1</instance>
            <instance>imsAospSlot2</instance>
            <instance>se1</instance>
            <instance>se2</instance>
            <instance>slot1</instance>
            <instance>slot2</instance>
        </interface>
        <interface>
            <name>ISap</name>
            <instance>slot1</instance>
            <instance>slot2</instance>
        </interface>
        <fqname>@1.2::IRadio/em1</fqname>
        <fqname>@1.2::IRadio/em2</fqname>
        <fqname>@1.2::IRadio/imsAospSlot1</fqname>
        <fqname>@1.2::IRadio/imsAospSlot2</fqname>
        <fqname>@1.2::IRadio/se1</fqname>
        <fqname>@1.2::IRadio/se2</fqname>
        <fqname>@1.2::IRadio/slot1</fqname>
        <fqname>@1.2::IRadio/slot2</fqname>
        <fqname>@1.2::ISap/slot1</fqname>
        <fqname>@1.2::ISap/slot2</fqname>
        <fqname>@1.6::IRadio/em1</fqname>
        <fqname>@1.6::IRadio/em2</fqname>
        <fqname>@1.6::IRadio/imsAospSlot1</fqname>
        <fqname>@1.6::IRadio/imsAospSlot2</fqname>
        <fqname>@1.6::IRadio/se1</fqname>
        <fqname>@1.6::IRadio/se2</fqname>
        <fqname>@1.6::IRadio/slot1</fqname>
        <fqname>@1.6::IRadio/slot2</fqname>
    </hal>
    <hal format="hidl" override="true">
        <name>vendor.mediatek.hardware.mtkradioex</name>
        <transport>hwbinder</transport>
        <version>3.0</version>
        <interface>
            <name>IMtkRadioEx</name>
            <instance>imsSlot1</instance>
            <instance>imsSlot2</instance>
            <instance>mtkAssist1</instance>
            <instance>mtkAssist2</instance>
            <instance>mtkCap1</instance>
            <instance>mtkCap2</instance>
            <instance>mtkEm1</instance>
            <instance>mtkEm2</instance>
            <instance>mtkRcs1</instance>
            <instance>mtkRcs2</instance>
            <instance>mtkRsu1</instance>
            <instance>mtkRsu2</instance>
            <instance>mtkSe1</instance>
            <instance>mtkSe2</instance>
            <instance>mtkSlot1</instance>
            <instance>mtkSlot2</instance>
            <instance>mtkSmartRatSwitch1</instance>
            <instance>mtkSmartRatSwitch2</instance>
        </interface>
        <fqname>@3.0::IMtkRadioEx/imsSlot1</fqname>
        <fqname>@3.0::IMtkRadioEx/imsSlot2</fqname>
        <fqname>@3.0::IMtkRadioEx/mtkAssist1</fqname>
        <fqname>@3.0::IMtkRadioEx/mtkAssist2</fqname>
        <fqname>@3.0::IMtkRadioEx/mtkCap1</fqname>
        <fqname>@3.0::IMtkRadioEx/mtkCap2</fqname>
        <fqname>@3.0::IMtkRadioEx/mtkEm1</fqname>
        <fqname>@3.0::IMtkRadioEx/mtkEm2</fqname>
        <fqname>@3.0::IMtkRadioEx/mtkRcs1</fqname>
        <fqname>@3.0::IMtkRadioEx/mtkRcs2</fqname>
        <fqname>@3.0::IMtkRadioEx/mtkRsu1</fqname>
        <fqname>@3.0::IMtkRadioEx/mtkRsu2</fqname>
        <fqname>@3.0::IMtkRadioEx/mtkSe1</fqname>
        <fqname>@3.0::IMtkRadioEx/mtkSe2</fqname>
        <fqname>@3.0::IMtkRadioEx/mtkSlot1</fqname>
        <fqname>@3.0::IMtkRadioEx/mtkSlot2</fqname>
        <fqname>@3.0::IMtkRadioEx/mtkSmartRatSwitch1</fqname>
        <fqname>@3.0::IMtkRadioEx/mtkSmartRatSwitch2</fqname>
    </hal>
</manifest>
