<!--
    Input:
        odm_manifest_qsqs.xml
-->
<manifest version="4.0" type="device">
    <hal format="hidl" override="true">
        <name>android.hardware.radio</name>
        <transport>hwbinder</transport>
        <version>1.2</version>
        <interface>
            <name>IRadio</name>
            <instance>em1</instance>
            <instance>em2</instance>
            <instance>em3</instance>
            <instance>em4</instance>
            <instance>imsAospSlot1</instance>
            <instance>imsAospSlot2</instance>
            <instance>imsAospSlot3</instance>
            <instance>imsAospSlot4</instance>
            <instance>se1</instance>
            <instance>se2</instance>
            <instance>se3</instance>
            <instance>se4</instance>
            <instance>slot1</instance>
            <instance>slot2</instance>
            <instance>slot3</instance>
            <instance>slot4</instance>
        </interface>
        <interface>
            <name>ISap</name>
            <instance>slot1</instance>
            <instance>slot2</instance>
            <instance>slot3</instance>
            <instance>slot4</instance>
        </interface>
        <fqname>@1.2::IRadio/em1</fqname>
        <fqname>@1.2::IRadio/em2</fqname>
        <fqname>@1.2::IRadio/em3</fqname>
        <fqname>@1.2::IRadio/em4</fqname>
        <fqname>@1.2::IRadio/imsAospSlot1</fqname>
        <fqname>@1.2::IRadio/imsAospSlot2</fqname>
        <fqname>@1.2::IRadio/imsAospSlot3</fqname>
        <fqname>@1.2::IRadio/imsAospSlot4</fqname>
        <fqname>@1.2::IRadio/se1</fqname>
        <fqname>@1.2::IRadio/se2</fqname>
        <fqname>@1.2::IRadio/se3</fqname>
        <fqname>@1.2::IRadio/se4</fqname>
        <fqname>@1.2::IRadio/slot1</fqname>
        <fqname>@1.2::IRadio/slot2</fqname>
        <fqname>@1.2::IRadio/slot3</fqname>
        <fqname>@1.2::IRadio/slot4</fqname>
        <fqname>@1.2::ISap/slot1</fqname>
        <fqname>@1.2::ISap/slot2</fqname>
        <fqname>@1.2::ISap/slot3</fqname>
        <fqname>@1.2::ISap/slot4</fqname>
        <fqname>@1.6::IRadio/em1</fqname>
        <fqname>@1.6::IRadio/em2</fqname>
        <fqname>@1.6::IRadio/em3</fqname>
        <fqname>@1.6::IRadio/em4</fqname>
        <fqname>@1.6::IRadio/imsAospSlot1</fqname>
        <fqname>@1.6::IRadio/imsAospSlot2</fqname>
        <fqname>@1.6::IRadio/imsAospSlot3</fqname>
        <fqname>@1.6::IRadio/imsAospSlot4</fqname>
        <fqname>@1.6::IRadio/se1</fqname>
        <fqname>@1.6::IRadio/se2</fqname>
        <fqname>@1.6::IRadio/se3</fqname>
        <fqname>@1.6::IRadio/se4</fqname>
        <fqname>@1.6::IRadio/slot1</fqname>
        <fqname>@1.6::IRadio/slot2</fqname>
        <fqname>@1.6::IRadio/slot3</fqname>
        <fqname>@1.6::IRadio/slot4</fqname>
    </hal>
    <hal format="hidl" override="true">
        <name>vendor.mediatek.hardware.mtkradioex</name>
        <transport>hwbinder</transport>
        <version>3.0</version>
        <interface>
            <name>IMtkRadioEx</name>
            <instance>imsSlot1</instance>
            <instance>imsSlot2</instance>
            <instance>imsSlot3</instance>
            <instance>imsSlot4</instance>
            <instance>mtkAssist1</instance>
            <instance>mtkAssist2</instance>
            <instance>mtkAssist3</instance>
            <instance>mtkAssist4</instance>
            <instance>mtkCap1</instance>
            <instance>mtkCap2</instance>
            <instance>mtkCap3</instance>
            <instance>mtkCap4</instance>
            <instance>mtkEm1</instance>
            <instance>mtkEm2</instance>
            <instance>mtkEm3</instance>
            <instance>mtkEm4</instance>
            <instance>mtkRcs1</instance>
            <instance>mtkRcs2</instance>
            <instance>mtkRcs3</instance>
            <instance>mtkRcs4</instance>
            <instance>mtkRsu1</instance>
            <instance>mtkRsu2</instance>
            <instance>mtkRsu3</instance>
            <instance>mtkRsu4</instance>
            <instance>mtkSe1</instance>
            <instance>mtkSe2</instance>
            <instance>mtkSe3</instance>
            <instance>mtkSe4</instance>
            <instance>mtkSlot1</instance>
            <instance>mtkSlot2</instance>
            <instance>mtkSlot3</instance>
            <instance>mtkSlot4</instance>
            <instance>mtkSmartRatSwitch1</instance>
            <instance>mtkSmartRatSwitch2</instance>
            <instance>mtkSmartRatSwitch3</instance>
            <instance>mtkSmartRatSwitch4</instance>
        </interface>
        <fqname>@3.0::IMtkRadioEx/imsSlot1</fqname>
        <fqname>@3.0::IMtkRadioEx/imsSlot2</fqname>
        <fqname>@3.0::IMtkRadioEx/imsSlot3</fqname>
        <fqname>@3.0::IMtkRadioEx/imsSlot4</fqname>
        <fqname>@3.0::IMtkRadioEx/mtkAssist1</fqname>
        <fqname>@3.0::IMtkRadioEx/mtkAssist2</fqname>
        <fqname>@3.0::IMtkRadioEx/mtkAssist3</fqname>
        <fqname>@3.0::IMtkRadioEx/mtkAssist4</fqname>
        <fqname>@3.0::IMtkRadioEx/mtkCap1</fqname>
        <fqname>@3.0::IMtkRadioEx/mtkCap2</fqname>
        <fqname>@3.0::IMtkRadioEx/mtkCap3</fqname>
        <fqname>@3.0::IMtkRadioEx/mtkCap4</fqname>
        <fqname>@3.0::IMtkRadioEx/mtkEm1</fqname>
        <fqname>@3.0::IMtkRadioEx/mtkEm2</fqname>
        <fqname>@3.0::IMtkRadioEx/mtkEm3</fqname>
        <fqname>@3.0::IMtkRadioEx/mtkEm4</fqname>
        <fqname>@3.0::IMtkRadioEx/mtkRcs1</fqname>
        <fqname>@3.0::IMtkRadioEx/mtkRcs2</fqname>
        <fqname>@3.0::IMtkRadioEx/mtkRcs3</fqname>
        <fqname>@3.0::IMtkRadioEx/mtkRcs4</fqname>
        <fqname>@3.0::IMtkRadioEx/mtkRsu1</fqname>
        <fqname>@3.0::IMtkRadioEx/mtkRsu2</fqname>
        <fqname>@3.0::IMtkRadioEx/mtkRsu3</fqname>
        <fqname>@3.0::IMtkRadioEx/mtkRsu4</fqname>
        <fqname>@3.0::IMtkRadioEx/mtkSe1</fqname>
        <fqname>@3.0::IMtkRadioEx/mtkSe2</fqname>
        <fqname>@3.0::IMtkRadioEx/mtkSe3</fqname>
        <fqname>@3.0::IMtkRadioEx/mtkSe4</fqname>
        <fqname>@3.0::IMtkRadioEx/mtkSlot1</fqname>
        <fqname>@3.0::IMtkRadioEx/mtkSlot2</fqname>
        <fqname>@3.0::IMtkRadioEx/mtkSlot3</fqname>
        <fqname>@3.0::IMtkRadioEx/mtkSlot4</fqname>
        <fqname>@3.0::IMtkRadioEx/mtkSmartRatSwitch1</fqname>
        <fqname>@3.0::IMtkRadioEx/mtkSmartRatSwitch2</fqname>
        <fqname>@3.0::IMtkRadioEx/mtkSmartRatSwitch3</fqname>
        <fqname>@3.0::IMtkRadioEx/mtkSmartRatSwitch4</fqname>
    </hal>
</manifest>
